{"sections":{"image_banner":{"type":"image-banner","blocks":{"heading":{"type":"heading","settings":{"heading":"Industrial design meets fashion","heading_size":"h0"}},"text_m4Genq":{"type":"text","settings":{"text":"Atypical leather goods","text_style":"body"}},"button":{"type":"buttons","settings":{"button_label_1":"Shop Now","button_link_1":"shopify:\/\/collections\/all","button_style_secondary_1":true,"button_label_2":"","button_link_2":"","button_style_secondary_2":false}}},"block_order":["heading","text_m4Genq","button"],"settings":{"image":"shopify:\/\/shop_images\/141569803_417219312901458_4638470652865432174_n.webp","image_2":"shopify:\/\/shop_images\/Shoes_and_bag.webp","image_overlay_opacity":40,"image_height":"large","image_behavior":"none","desktop_content_position":"bottom-center","desktop_content_alignment":"center","show_text_box":false,"color_scheme":"scheme-3","stack_images_on_mobile":false,"mobile_content_alignment":"center","show_text_below":false}},"featured_collection":{"type":"featured-collection","custom_css":["h2 {text-align: center;}","p {text-align: center;}"],"settings":{"collection":"all","products_to_show":8,"title":"Obsessive Attention. Intelligent Effort.","heading_size":"h0","description":"<p>Functional handbags made of luxurious materials to improve people's lives in small but mighty ways.<\/p>","show_description":false,"description_style":"body","columns_desktop":4,"enable_desktop_slider":false,"full_width":false,"show_view_all":false,"view_all_style":"solid","color_scheme":"scheme-1","image_ratio":"adapt","image_shape":"default","show_secondary_image":true,"show_vendor":false,"show_rating":false,"quick_add":"none","columns_mobile":"2","swipe_on_mobile":false,"padding_top":44,"padding_bottom":36}},"collage_3grcAt":{"type":"collage","blocks":{"image_LTXXmk":{"type":"image","settings":{"image":"shopify:\/\/shop_images\/Mlouye_-_Bags_collection.webp"}},"product_VtBcJW":{"type":"product","settings":{"product":"mini-eddy","second_image":false}},"collection_JiwiYb":{"type":"collection","settings":{"collection":"shoes"}}},"block_order":["image_LTXXmk","product_VtBcJW","collection_JiwiYb"],"settings":{"heading":"Back in stock!","heading_size":"h2","desktop_layout":"left","mobile_layout":"column","card_styles":"product-card-wrapper","color_scheme":"","padding_top":36,"padding_bottom":36}},"video_GendCB":{"type":"video","settings":{"heading":"","heading_size":"h1","enable_video_looping":false,"video":"shopify:\/\/files\/videos\/Mlouye Sera Tote.mp4","video_url":"https:\/\/www.youtube.com\/watch?v=_9VUPq3SxOc","description":"","full_width":false,"color_scheme":"","padding_top":36,"padding_bottom":36}},"multicolumn_P3pkU4":{"type":"multicolumn","blocks":{"column_bmmBAp":{"type":"column","settings":{"image":"shopify:\/\/shop_images\/Mlouye_Refinery_logo.webp","title":"","text":"<p>\"The leather is sourced from environmentally friendly tanneries in Italy, France, and Turkey, where Rure is based and everything is assembled by hand.\"<\/p>","link_label":"","link":""}},"column_NDYHjE":{"type":"column","settings":{"image":"shopify:\/\/shop_images\/the-cut-logo2_180x_eb657194-39db-4604-852b-1c97f84255ce.webp","title":"","text":"<p>\"All too often, we're forced to pick: style, or sustainability. Recently, more designers have been making environmental impact a top priority\"<\/p>","link_label":"","link":""}}},"block_order":["column_bmmBAp","column_NDYHjE"],"settings":{"title":"","heading_size":"h1","image_width":"full","image_ratio":"adapt","button_label":"","button_link":"","columns_desktop":2,"column_alignment":"center","background_style":"primary","color_scheme":"scheme-1","columns_mobile":"1","swipe_on_mobile":false,"padding_top":36,"padding_bottom":36}}},"order":["image_banner","featured_collection","collage_3grcAt","video_GendCB","multicolumn_P3pkU4"]}